location_code,country_name,iso_alpha_3,region,sub_region
ABW,Aruba,ABW,Americas,Latin America and the Caribbean
AFG,Afghanistan,AFG,Asia,Southern Asia
AGO,Angola,AGO,Africa,Sub-Saharan Africa
AIA,Anguilla,AIA,Americas,Latin America and the Caribbean
ALA,Åland Islands,ALA,Europe,Northern Europe
ALB,Albania,ALB,Europe,Southern Europe
AND,Andorra,AND,Europe,Southern Europe
ARE,United Arab Emirates,ARE,Asia,Western Asia
ARG,Argentina,ARG,Americas,Latin America and the Caribbean
ARM,Armenia,ARM,Asia,Western Asia
ASM,American Samoa,ASM,Oceania,Polynesia
ATA,Antarctica,ATA,,
ATF,French Southern Territories,ATF,Africa,Sub-Saharan Africa
ATG,Antigua & Barbuda,ATG,Americas,Latin America and the Caribbean
AUS,Australia,AUS,Oceania,Australia and New Zealand
AUT,Austria,AUT,Europe,Western Europe
AZE,Azerbaijan,AZE,Asia,Western Asia
BDI,Burundi,BDI,Africa,Sub-Saharan Africa
BEL,Belgium,BEL,Europe,Western Europe
BEN,Benin,BEN,Africa,Sub-Saharan Africa
BES,Caribbean Netherlands,BES,Americas,Latin America and the Caribbean
BFA,Burkina Faso,BFA,Africa,Sub-Saharan Africa
BGD,Bangladesh,BGD,Asia,Southern Asia
BGR,Bulgaria,BGR,Europe,Eastern Europe
BHR,Bahrain,BHR,Asia,Western Asia
BHS,Bahamas,BHS,Americas,Latin America and the Caribbean
BIH,Bosnia,BIH,Europe,Southern Europe
BLM,St. Barthélemy,BLM,Americas,Latin America and the Caribbean
BLR,Belarus,BLR,Europe,Eastern Europe
BLZ,Belize,BLZ,Americas,Latin America and the Caribbean
BMU,Bermuda,BMU,Americas,Northern America
BOL,Bolivia,BOL,Americas,Latin America and the Caribbean
BRA,Brazil,BRA,Americas,Latin America and the Caribbean
BRB,Barbados,BRB,Americas,Latin America and the Caribbean
BRN,Brunei,BRN,Asia,South-eastern Asia
BTN,Bhutan,BTN,Asia,Southern Asia
BVT,Bouvet Island,BVT,Americas,Latin America and the Caribbean
BWA,Botswana,BWA,Africa,Sub-Saharan Africa
CAF,Central African Republic,CAF,Africa,Sub-Saharan Africa
CAN,Canada,CAN,Americas,Northern America
CCK,Cocos Islands,CCK,Oceania,Australia and New Zealand
CHE,Switzerland,CHE,Europe,Western Europe
CHL,Chile,CHL,Americas,Latin America and the Caribbean
CHN,China,CHN,Asia,Eastern Asia
CIV,Côte d’Ivoire,CIV,Africa,Sub-Saharan Africa
CMR,Cameroon,CMR,Africa,Sub-Saharan Africa
COD,Congo - Kinshasa,COD,Africa,Sub-Saharan Africa
COG,Congo - Brazzaville,COG,Africa,Sub-Saharan Africa
COK,Cook Islands,COK,Oceania,Polynesia
COL,Colombia,COL,Americas,Latin America and the Caribbean
COM,Comoros,COM,Africa,Sub-Saharan Africa
CPV,Cape Verde,CPV,Africa,Sub-Saharan Africa
CRI,Costa Rica,CRI,Americas,Latin America and the Caribbean
CUB,Cuba,CUB,Americas,Latin America and the Caribbean
CUW,Curaçao,CUW,Americas,Latin America and the Caribbean
CXR,Christmas Island,CXR,Oceania,Australia and New Zealand
CYM,Cayman Islands,CYM,Americas,Latin America and the Caribbean
CYP,Cyprus,CYP,Asia,Western Asia
CZE,Czechia,CZE,Europe,Eastern Europe
DEU,Germany,DEU,Europe,Western Europe
DJI,Djibouti,DJI,Africa,Sub-Saharan Africa
DMA,Dominica,DMA,Americas,Latin America and the Caribbean
DNK,Denmark,DNK,Europe,Northern Europe
DOM,Dominican Republic,DOM,Americas,Latin America and the Caribbean
DZA,Algeria,DZA,Africa,Northern Africa
ECU,Ecuador,ECU,Americas,Latin America and the Caribbean
EGY,Egypt,EGY,Africa,Northern Africa
ERI,Eritrea,ERI,Africa,Sub-Saharan Africa
ESH,Western Sahara,ESH,Africa,Northern Africa
ESP,Spain,ESP,Europe,Southern Europe
EST,Estonia,EST,Europe,Northern Europe
ETH,Ethiopia,ETH,Africa,Sub-Saharan Africa
FIN,Finland,FIN,Europe,Northern Europe
FJI,Fiji,FJI,Oceania,Melanesia
FLK,Falkland Islands,FLK,Americas,Latin America and the Caribbean
FRA,France,FRA,Europe,Western Europe
FRO,Faroe Islands,FRO,Europe,Northern Europe
FSM,Micronesia,FSM,Oceania,Micronesia
GAB,Gabon,GAB,Africa,Sub-Saharan Africa
GBR,UK,GBR,Europe,Northern Europe
GEO,Georgia,GEO,Asia,Western Asia
GGY,Guernsey,GGY,Europe,Northern Europe
GHA,Ghana,GHA,Africa,Sub-Saharan Africa
GIB,Gibraltar,GIB,Europe,Southern Europe
GIN,Guinea,GIN,Africa,Sub-Saharan Africa
GLP,Guadeloupe,GLP,Americas,Latin America and the Caribbean
GMB,Gambia,GMB,Africa,Sub-Saharan Africa
GNB,Guinea-Bissau,GNB,Africa,Sub-Saharan Africa
GNQ,Equatorial Guinea,GNQ,Africa,Sub-Saharan Africa
GRC,Greece,GRC,Europe,Southern Europe
GRD,Grenada,GRD,Americas,Latin America and the Caribbean
GRL,Greenland,GRL,Americas,Northern America
GTM,Guatemala,GTM,Americas,Latin America and the Caribbean
GUF,French Guiana,GUF,Americas,Latin America and the Caribbean
GUM,Guam,GUM,Oceania,Micronesia
GUY,Guyana,GUY,Americas,Latin America and the Caribbean
HKG,Hong Kong,HKG,Asia,Eastern Asia
HMD,Heard & McDonald Islands,HMD,Oceania,Australia and New Zealand
HND,Honduras,HND,Americas,Latin America and the Caribbean
HRV,Croatia,HRV,Europe,Southern Europe
HTI,Haiti,HTI,Americas,Latin America and the Caribbean
HUN,Hungary,HUN,Europe,Eastern Europe
IDN,Indonesia,IDN,Asia,South-eastern Asia
IMN,Isle of Man,IMN,Europe,Northern Europe
IND,India,IND,Asia,Southern Asia
IOT,British Indian Ocean Territory,IOT,Africa,Sub-Saharan Africa
IRL,Ireland,IRL,Europe,Northern Europe
IRN,Iran,IRN,Asia,Southern Asia
IRQ,Iraq,IRQ,Asia,Western Asia
ISL,Iceland,ISL,Europe,Northern Europe
ISR,Israel,ISR,Asia,Western Asia
ITA,Italy,ITA,Europe,Southern Europe
JAM,Jamaica,JAM,Americas,Latin America and the Caribbean
JEY,Jersey,JEY,Europe,Northern Europe
JOR,Jordan,JOR,Asia,Western Asia
JPN,Japan,JPN,Asia,Eastern Asia
KAZ,Kazakhstan,KAZ,Asia,Central Asia
KEN,Kenya,KEN,Africa,Sub-Saharan Africa
KGZ,Kyrgyzstan,KGZ,Asia,Central Asia
KHM,Cambodia,KHM,Asia,South-eastern Asia
KIR,Kiribati,KIR,Oceania,Micronesia
KNA,St. Kitts & Nevis,KNA,Americas,Latin America and the Caribbean
KOR,South Korea,KOR,Asia,Eastern Asia
KWT,Kuwait,KWT,Asia,Western Asia
LAO,Laos,LAO,Asia,South-eastern Asia
LBN,Lebanon,LBN,Asia,Western Asia
LBR,Liberia,LBR,Africa,Sub-Saharan Africa
LBY,Libya,LBY,Africa,Northern Africa
LCA,St. Lucia,LCA,Americas,Latin America and the Caribbean
LIE,Liechtenstein,LIE,Europe,Western Europe
LKA,Sri Lanka,LKA,Asia,Southern Asia
LSO,Lesotho,LSO,Africa,Sub-Saharan Africa
LTU,Lithuania,LTU,Europe,Northern Europe
LUX,Luxembourg,LUX,Europe,Western Europe
LVA,Latvia,LVA,Europe,Northern Europe
MAC,Macao,MAC,Asia,Eastern Asia
MAF,St. Martin,MAF,Americas,Latin America and the Caribbean
MAR,Morocco,MAR,Africa,Northern Africa
MCO,Monaco,MCO,Europe,Western Europe
MDA,Moldova,MDA,Europe,Eastern Europe
MDG,Madagascar,MDG,Africa,Sub-Saharan Africa
MDV,Maldives,MDV,Asia,Southern Asia
MEX,Mexico,MEX,Americas,Latin America and the Caribbean
MHL,Marshall Islands,MHL,Oceania,Micronesia
MKD,North Macedonia,MKD,Europe,Southern Europe
MLI,Mali,MLI,Africa,Sub-Saharan Africa
MLT,Malta,MLT,Europe,Southern Europe
MMR,Myanmar,MMR,Asia,South-eastern Asia
MNE,Montenegro,MNE,Europe,Southern Europe
MNG,Mongolia,MNG,Asia,Eastern Asia
MNP,Northern Mariana Islands,MNP,Oceania,Micronesia
MOZ,Mozambique,MOZ,Africa,Sub-Saharan Africa
MRT,Mauritania,MRT,Africa,Sub-Saharan Africa
MSR,Montserrat,MSR,Americas,Latin America and the Caribbean
MTQ,Martinique,MTQ,Americas,Latin America and the Caribbean
MUS,Mauritius,MUS,Africa,Sub-Saharan Africa
MWI,Malawi,MWI,Africa,Sub-Saharan Africa
MYS,Malaysia,MYS,Asia,South-eastern Asia
MYT,Mayotte,MYT,Africa,Sub-Saharan Africa
NAM,Namibia,NAM,Africa,Sub-Saharan Africa
NCL,New Caledonia,NCL,Oceania,Melanesia
NER,Niger,NER,Africa,Sub-Saharan Africa
NFK,Norfolk Island,NFK,Oceania,Australia and New Zealand
NGA,Nigeria,NGA,Africa,Sub-Saharan Africa
NIC,Nicaragua,NIC,Americas,Latin America and the Caribbean
NIU,Niue,NIU,Oceania,Polynesia
NLD,Netherlands,NLD,Europe,Western Europe
NOR,Norway,NOR,Europe,Northern Europe
NPL,Nepal,NPL,Asia,Southern Asia
NRU,Nauru,NRU,Oceania,Micronesia
NZL,New Zealand,NZL,Oceania,Australia and New Zealand
OMN,Oman,OMN,Asia,Western Asia
PAK,Pakistan,PAK,Asia,Southern Asia
PAN,Panama,PAN,Americas,Latin America and the Caribbean
PCN,Pitcairn,PCN,Oceania,Polynesia
PER,Peru,PER,Americas,Latin America and the Caribbean
PHL,Philippines,PHL,Asia,South-eastern Asia
PLW,Palau,PLW,Oceania,Micronesia
PNG,Papua New Guinea,PNG,Oceania,Melanesia
POL,Poland,POL,Europe,Eastern Europe
PRI,Puerto Rico,PRI,Americas,Latin America and the Caribbean
PRK,North Korea,PRK,Asia,Eastern Asia
PRT,Portugal,PRT,Europe,Southern Europe
PRY,Paraguay,PRY,Americas,Latin America and the Caribbean
PSE,Palestine,PSE,Asia,Western Asia
PYF,French Polynesia,PYF,Oceania,Polynesia
QAT,Qatar,QAT,Asia,Western Asia
REU,Réunion,REU,Africa,Sub-Saharan Africa
ROU,Romania,ROU,Europe,Eastern Europe
RUS,Russia,RUS,Europe,Eastern Europe
RWA,Rwanda,RWA,Africa,Sub-Saharan Africa
SAU,Saudi Arabia,SAU,Asia,Western Asia
SDN,Sudan,SDN,Africa,Northern Africa
SEN,Senegal,SEN,Africa,Sub-Saharan Africa
SGP,Singapore,SGP,Asia,South-eastern Asia
SGS,South Georgia & South Sandwich Islands,SGS,Americas,Latin America and the Caribbean
SHN,St. Helena,SHN,Africa,Sub-Saharan Africa
SJM,Svalbard & Jan Mayen,SJM,Europe,Northern Europe
SLB,Solomon Islands,SLB,Oceania,Melanesia
SLE,Sierra Leone,SLE,Africa,Sub-Saharan Africa
SLV,El Salvador,SLV,Americas,Latin America and the Caribbean
SMR,San Marino,SMR,Europe,Southern Europe
SOM,Somalia,SOM,Africa,Sub-Saharan Africa
SPM,St. Pierre & Miquelon,SPM,Americas,Northern America
SRB,Serbia,SRB,Europe,Southern Europe
SSD,South Sudan,SSD,Africa,Sub-Saharan Africa
STP,São Tomé & Príncipe,STP,Africa,Sub-Saharan Africa
SUR,Suriname,SUR,Americas,Latin America and the Caribbean
SVK,Slovakia,SVK,Europe,Eastern Europe
SVN,Slovenia,SVN,Europe,Southern Europe
SWE,Sweden,SWE,Europe,Northern Europe
SWZ,Eswatini,SWZ,Africa,Sub-Saharan Africa
SXM,Sint Maarten,SXM,Americas,Latin America and the Caribbean
SYC,Seychelles,SYC,Africa,Sub-Saharan Africa
SYR,Syria,SYR,Asia,Western Asia
TCA,Turks & Caicos Islands,TCA,Americas,Latin America and the Caribbean
TCD,Chad,TCD,Africa,Sub-Saharan Africa
TGO,Togo,TGO,Africa,Sub-Saharan Africa
THA,Thailand,THA,Asia,South-eastern Asia
TJK,Tajikistan,TJK,Asia,Central Asia
TKL,Tokelau,TKL,Oceania,Polynesia
TKM,Turkmenistan,TKM,Asia,Central Asia
TLS,Timor-Leste,TLS,Asia,South-eastern Asia
TON,Tonga,TON,Oceania,Polynesia
TTO,Trinidad & Tobago,TTO,Americas,Latin America and the Caribbean
TUN,Tunisia,TUN,Africa,Northern Africa
TUR,Türkiye,TUR,Asia,Western Asia
TUV,Tuvalu,TUV,Oceania,Polynesia
TWN,Taiwan,TWN,Asia,Eastern Asia
TZA,Tanzania,TZA,Africa,Sub-Saharan Africa
UGA,Uganda,UGA,Africa,Sub-Saharan Africa
UKR,Ukraine,UKR,Europe,Eastern Europe
UMI,U.S. Outlying Islands,UMI,Oceania,Micronesia
URY,Uruguay,URY,Americas,Latin America and the Caribbean
USA,US,USA,Americas,Northern America
UZB,Uzbekistan,UZB,Asia,Central Asia
VAT,Vatican City,VAT,Europe,Southern Europe
VCT,St. Vincent & Grenadines,VCT,Americas,Latin America and the Caribbean
VEN,Venezuela,VEN,Americas,Latin America and the Caribbean
VGB,British Virgin Islands,VGB,Americas,Latin America and the Caribbean
VIR,U.S. Virgin Islands,VIR,Americas,Latin America and the Caribbean
VNM,Vietnam,VNM,Asia,South-eastern Asia
VUT,Vanuatu,VUT,Oceania,Melanesia
WLF,Wallis & Futuna,WLF,Oceania,Polynesia
WSM,Samoa,WSM,Oceania,Polynesia
YEM,Yemen,YEM,Asia,Western Asia
ZAF,South Africa,ZAF,Africa,Sub-Saharan Africa
ZMB,Zambia,ZMB,Africa,Sub-Saharan Africa
ZWE,Zimbabwe,ZWE,Africa,Sub-Saharan Africa
